date,close,volume,open,high,low
2019/03/26,1184.62,1894639,1198.53,1202.83,1176.72
2019/03/25,1193,1493841,1196.93,1206.3975,1187.04
2019/03/22,1205.5,1668910,1226.32,1230,1202.825
2019/03/21,1231.54,1195899,1216,1231.79,1213.15
2019/03/20,1223.97,2089367,1197.35,1227.14,1196.17
2019/03/19,1198.85,1404863,1188.81,1200,1185.87
2019/03/18,1184.26,1212506,1183.3,1190,1177.4211
2019/03/15,1184.46,2457597,1193.38,1196.57,1182.61
2019/03/14,1185.55,1150950,1194.51,1197.88,1184.48
2019/03/13,1193.32,1434816,1200.645,1200.93,1191.94
2019/03/12,1193.2,2012306,1178.26,1200,1178.26
2019/03/11,1175.76,1569332,1144.45,1176.19,1144.45
2019/03/08,1142.32,1212271,1126.73,1147.08,1123.3
2019/03/07,1143.3,1166076,1155.72,1156.755,1134.91
2019/03/06,1157.86,1094100,1162.49,1167.5658,1155.49
2019/03/05,1162.03,1422357,1150.06,1169.61,1146.195
2019/03/04,1147.8,1444774,1146.99,1158.2804,1130.69
2019/03/01,1140.99,1447454,1124.9,1142.97,1124.75
2019/02/28,1119.92,1541068,1111.3,1127.65,1111.01
2019/02/27,1116.05,968362,1106.95,1117.98,1101
2019/02/26,1115.13,1469761,1105.75,1119.51,1099.92
2019/02/25,1109.4,1395281,1116,1118.54,1107.27
2019/02/22,1110.37,1048361,1100.9,1111.24,1095.6
2019/02/21,1096.97,1414744,1110.84,1111.94,1092.52
2019/02/20,1113.8,1080144,1119.99,1123.41,1105.28
2019/02/19,1118.56,1046315,1110,1121.89,1110
2019/02/15,1113.65,1442461,1130.08,1131.67,1110.65
2019/02/14,1121.67,941678,1118.05,1128.23,1110.445
2019/02/13,1120.16,1048630,1124.99,1134.73,1118.5
2019/02/12,1121.37,1608658,1106.8,1125.295,1105.85
2019/02/11,1095.01,1063825,1096.95,1105.945,1092.86
2019/02/08,1095.06,1072031,1087,1098.91,1086.55
2019/02/07,1098.71,2040615,1104.16,1104.84,1086
2019/02/06,1115.23,2101674,1139.57,1147,1112.77
2019/02/05,1145.99,3529974,1124.84,1146.85,1117.248
2019/02/04,1132.8,2518184,1112.66,1132.8,1109.02
2019/02/01,1110.75,1455609,1112.4,1125,1104.89
2019/01/31,1116.37,1531463,1103,1117.33,1095.41
2019/01/30,1089.06,1241760,1068.43,1091,1066.85
2019/01/29,1060.62,1006731,1072.68,1075.15,1055.8647
2019/01/28,1070.08,1277745,1080.11,1083,1063.8
2019/01/25,1090.99,1114785,1085,1094,1081.82
2019/01/24,1073.9,1317718,1076.48,1079.475,1060.7
2019/01/23,1075.57,956526,1077.35,1084.93,1059.75
2019/01/22,1070.52,1607398,1088,1091.51,1063.47
2019/01/18,1098.26,1933754,1100,1108.352,1090.9
2019/01/17,1089.9,1223674,1079.47,1091.8,1073.5
2019/01/16,1080.97,1320530,1080,1092.375,1079.34
2019/01/15,1077.15,1452238,1050.17,1080.05,1047.34
2019/01/14,1044.69,1127417,1046.92,1051.53,1041.255
2019/01/11,1057.19,1512651,1063.18,1063.775,1048.48
2019/01/10,1070.33,1444976,1067.66,1071.15,1057.71
2019/01/09,1074.66,1198369,1081.65,1082.63,1066.4
2019/01/08,1076.28,1748371,1076.11,1084.56,1060.53
2019/01/07,1068.39,1978077,1071.5,1073.9999,1054.76
2019/01/04,1070.71,2080144,1032.59,1070.84,1027.4179
2019/01/03,1016.06,1829379,1041,1056.98,1014.07
2019/01/02,1045.85,1516681,1016.57,1052.32,1015.71
2018/12/31,1035.61,1492541,1050.96,1052.7,1023.59
2018/12/28,1037.08,1399218,1049.62,1055.56,1033.1
2018/12/27,1043.88,2102069,1017.15,1043.89,997
2018/12/26,1039.46,2337212,989.01,1040,983
2018/12/24,976.22,1590328,973.9,1003.54,970.11
2018/12/21,979.54,4560424,1015.3,1024.02,973.69
2018/12/20,1009.41,2659047,1018.13,1034.22,996.36
2018/12/19,1023.01,2419322,1033.99,1062,1008.05
2018/12/18,1028.71,2101854,1026.09,1049.48,1021.44
2018/12/17,1016.53,2337631,1037.51,1053.15,1007.9
2018/12/14,1042.1,1685802,1049.98,1062.6,1040.79
2018/12/13,1061.9,1329198,1068.07,1079.7597,1053.93
2018/12/12,1063.68,1523276,1068,1081.65,1062.79
2018/12/11,1051.75,1354751,1056.49,1060.6,1039.84
2018/12/10,1039.55,1793465,1035.05,1048.45,1023.29
2018/12/07,1036.58,2098526,1060.01,1075.26,1028.5
2018/12/06,1068.73,2758098,1034.26,1071.2,1030.7701
2018/12/04,1050.82,2278200,1103.12,1104.42,1049.98
2018/12/03,1106.43,1900355,1123.14,1124.65,1103.6645
2018/11/30,1094.43,2554416,1089.07,1095.57,1077.88
2018/11/29,1088.3,1403540,1076.08,1094.245,1076
2018/11/28,1086.23,2399374,1048.76,1086.84,1035.76
2018/11/27,1044.41,1801334,1041,1057.58,1038.49
2018/11/26,1048.62,1846430,1038.35,1049.31,1033.91
2018/11/23,1023.88,691462,1030,1037.59,1022.3992
2018/11/21,1037.61,1531676,1036.76,1048.56,1033.47
2018/11/20,1025.76,2447254,1000,1031.74,996.02
2018/11/19,1020,1837207,1057.2,1060.79,1016.2601
2018/11/16,1061.49,1641232,1059.41,1067,1048.98
2018/11/15,1064.71,1819132,1044.71,1071.85,1031.78
2018/11/14,1043.66,1561656,1050,1054.5643,1031
2018/11/13,1036.05,1496534,1043.29,1056.605,1031.15
2018/11/12,1038.63,1429319,1061.39,1062.12,1031
2018/11/09,1066.15,1343154,1073.99,1075.56,1053.11
2018/11/08,1082.4,1463022,1091.38,1093.27,1072.2048
2018/11/07,1093.39,2057155,1069,1095.46,1065.9
2018/11/06,1055.81,1225197,1039.48,1064.345,1038.07
2018/11/05,1040.09,2436742,1055,1058.47,1021.24
2018/11/02,1057.79,1829295,1073.73,1082.975,1054.61
2018/11/01,1070,1456222,1075.8,1083.975,1062.46
2018/10/31,1076.77,2528584,1059.81,1091.94,1057
2018/10/30,1036.21,3209126,1008.46,1037.49,1000.75
2018/10/29,1020.08,3873644,1082.47,1097.04,995.83
2018/10/26,1071.47,4185201,1037.03,1106.53,1034.09
2018/10/25,1095.57,2511884,1071.79,1110.98,1069.55
2018/10/24,1050.71,1910060,1104.25,1106.12,1048.74
2018/10/23,1103.69,1847798,1080.89,1107.89,1070
2018/10/22,1101.16,1494285,1103.06,1112.23,1091
2018/10/19,1096.46,1264605,1093.37,1110.36,1087.75
2018/10/18,1087.97,2056606,1121.84,1121.84,1077.09
2018/10/17,1115.69,1397613,1126.46,1128.99,1102.19
2018/10/16,1121.28,1845491,1104.59,1124.22,1102.5
2018/10/15,1092.25,1343231,1108.91,1113.4464,1089
2018/10/12,1110.08,2029872,1108,1115,1086.402
2018/10/11,1079.32,2939514,1072.94,1106.4,1068.27
2018/10/10,1081.22,2574985,1131.08,1132.17,1081.13
2018/10/09,1138.82,1308706,1146.15,1154.35,1137.572
2018/10/08,1148.97,1877142,1150.11,1168,1127.3636
2018/10/05,1157.35,1184245,1167.5,1173.4999,1145.12
2018/10/04,1168.19,2151762,1195.33,1197.51,1155.576
2018/10/03,1202.95,1207280,1205,1206.41,1193.83
2018/10/02,1200.11,1655602,1190.96,1209.96,1186.63
2018/10/01,1195.31,1345250,1199.89,1209.9,1190.3
2018/09/28,1193.47,1306822,1191.87,1195.41,1184.5
2018/09/27,1194.64,1244278,1186.73,1202.1,1183.63
2018/09/26,1180.49,1346434,1185.15,1194.23,1174.765
2018/09/25,1184.65,937577,1176.15,1186.88,1168
2018/09/24,1173.37,1218532,1157.17,1178,1146.91
2018/09/21,1166.09,4363929,1192,1192.21,1166.04
2018/09/20,1186.87,1209855,1179.99,1189.89,1173.36
2018/09/19,1171.09,1185321,1164.98,1173.21,1154.58
2018/09/18,1161.22,1184407,1157.09,1176.08,1157.09
2018/09/17,1156.05,1279147,1170.14,1177.24,1154.03
2018/09/14,1172.53,934300,1179.1,1180.425,1168.3295
2018/09/13,1175.33,1402005,1170.74,1178.61,1162.85
2018/09/12,1162.82,1291304,1172.72,1178.61,1158.36
2018/09/11,1177.36,1209171,1161.63,1178.68,1156.24
2018/09/10,1164.64,1115259,1172.19,1174.54,1160.11
2018/09/07,1164.83,1401034,1158.67,1175.26,1157.215
2018/09/06,1171.44,1886690,1186.3,1186.3,1152
2018/09/05,1186.48,2043732,1193.8,1199.0096,1162
2018/09/04,1197,1800509,1204.27,1212.99,1192.5
2018/08/31,1218.19,1812366,1234.98,1238.66,1211.2854
2018/08/30,1239.12,1320261,1244.23,1253.635,1232.59
2018/08/29,1249.3,1295939,1237.45,1250.66,1236.3588
2018/08/28,1231.15,1296532,1241.29,1242.545,1228.69
2018/08/27,1241.82,1154962,1227.6,1243.09,1225.716
2018/08/24,1220.65,946529,1208.82,1221.65,1206.3588
2018/08/23,1205.38,988509,1207.14,1221.28,1204.24
2018/08/22,1207.33,881463,1200,1211.84,1199
2018/08/21,1201.62,1187884,1208,1217.26,1200.3537
2018/08/20,1207.77,864462,1205.02,1211,1194.6264
2018/08/17,1200.96,1381724,1202.03,1209.02,1188.24
2018/08/16,1206.49,1319985,1224.73,1225.9999,1202.55
2018/08/15,1214.38,1815642,1229.26,1235.24,1209.51
2018/08/14,1242.1,1342534,1235.19,1245.8695,1225.11
2018/08/13,1235.01,957153,1236.98,1249.2728,1233.6405
2018/08/10,1237.61,1107323,1243,1245.695,1232
2018/08/09,1249.1,805227,1249.9,1255.542,1246.01
2018/08/08,1245.61,1369650,1240.47,1256.5,1238.0083
2018/08/07,1242.22,1493073,1237,1251.17,1236.17
2018/08/06,1224.77,1080923,1225,1226.0876,1215.7965
2018/08/03,1223.71,1072524,1229.62,1230,1215.06
2018/08/02,1226.15,1520488,1205.9,1229.88,1204.79
2018/08/01,1220.01,1567142,1228,1233.47,1210.21
2018/07/31,1217.26,1632823,1220.01,1227.5877,1205.6
2018/07/30,1219.74,1822782,1228.01,1234.916,1211.47
2018/07/27,1238.5,2115802,1271,1273.89,1231
2018/07/26,1268.33,2334881,1251,1269.7707,1249.02
2018/07/25,1263.7,2115890,1239.13,1265.86,1239.13
2018/07/24,1248.08,3303268,1262.59,1266,1235.56
2018/07/23,1205.5,2584034,1181.01,1206.49,1181
2018/07/20,1184.91,1246898,1186.96,1196.86,1184.22
2018/07/19,1186.96,1256113,1191,1200,1183.32
2018/07/18,1195.88,1391232,1196.56,1204.5,1190.34
2018/07/17,1198.8,1585091,1172.22,1203.04,1170.6
2018/07/16,1183.86,1049560,1189.39,1191,1179.28
2018/07/13,1188.82,1221687,1185,1195.4173,1180
2018/07/12,1183.48,1251083,1159.89,1184.41,1155.935
2018/07/11,1153.9,1094301,1144.59,1164.29,1141.0003
2018/07/10,1152.84,789249,1156.98,1159.59,1149.59
2018/07/09,1154.05,906073,1148.48,1154.67,1143.42
2018/07/06,1140.17,966155,1123.58,1140.93,1120.7371
2018/07/05,1124.27,1060752,1110.53,1127.5,1108.48
2018/07/03,1102.89,679034,1135.82,1135.82,1100.02
2018/07/02,1127.46,1188616,1099,1128,1093.8
2018/06/29,1115.65,1275979,1120,1128.2265,1115
2018/06/28,1114.22,1072438,1102.09,1122.31,1096.01
2018/06/27,1103.98,1287698,1121.34,1131.8362,1103.62
2018/06/26,1118.46,1559791,1128,1133.21,1116.6589
2018/06/25,1124.81,2155276,1143.6,1143.91,1112.78
2018/06/22,1155.48,1310164,1159.14,1162.4965,1147.26
2018/06/21,1157.66,1232352,1174.85,1177.295,1152.232
2018/06/20,1169.84,1648248,1175.31,1186.2856,1169.16
2018/06/19,1168.06,1616125,1158.5,1171.27,1154.01
2018/06/18,1173.46,1400641,1143.65,1174.31,1143.59
2018/06/15,1152.26,2119134,1148.86,1153.42,1143.485
2018/06/14,1152.12,1350085,1143.85,1155.47,1140.64
2018/06/13,1134.79,1490017,1141.12,1146.5,1133.38
2018/06/12,1139.32,899231,1131.07,1139.79,1130.735
2018/06/11,1129.99,1071114,1118.6,1137.26,1118.6
2018/06/08,1120.87,1289859,1118.18,1126.67,1112.15
2018/06/07,1123.86,1519860,1131.32,1135.82,1116.52
2018/06/06,1136.88,1697489,1142.17,1143,1125.7429
2018/06/05,1139.66,1538169,1140.99,1145.738,1133.19
2018/06/04,1139.29,1881046,1122.33,1141.89,1122.005
2018/06/01,1119.5,2416755,1099.35,1120,1098.5
2018/05/31,1084.99,3085325,1067.56,1097.19,1067.56
2018/05/30,1067.8,1129958,1063.03,1069.21,1056.83
2018/05/29,1060.32,1858676,1064.89,1073.37,1055.22
2018/05/25,1075.66,878903,1079.02,1082.56,1073.775
2018/05/24,1079.24,757752,1079,1080.47,1066.15
2018/05/23,1079.69,1057712,1065.13,1080.78,1061.71
2018/05/22,1069.73,1088700,1083.56,1086.59,1066.69
2018/05/21,1079.58,1012258,1074.06,1088,1073.65
2018/05/18,1066.36,1496448,1061.86,1069.94,1060.68
2018/05/17,1078.59,1031190,1079.89,1086.87,1073.5
2018/05/16,1081.77,989819,1077.31,1089.27,1076.26
2018/05/15,1079.23,1494306,1090,1090.05,1073.47
2018/05/14,1100.2,1450140,1100,1110.75,1099.11
2018/05/11,1098.26,1253205,1093.6,1101.3295,1090.91
2018/05/10,1097.57,1441456,1086.03,1100.44,1085.64
2018/05/09,1082.76,2032319,1058.1,1085.44,1056.365
2018/05/08,1053.91,1217260,1058.54,1060.55,1047.145
2018/05/07,1054.79,1464008,1049.23,1061.68,1047.1
2018/05/04,1048.21,1936797,1016.9,1048.51,1016.9
2018/05/03,1023.72,1813623,1019,1029.675,1006.29
2018/05/02,1024.38,1534094,1028.1,1040.389,1022.87
2018/05/01,1037.31,1427171,1013.66,1038.47,1008.21
2018/04/30,1017.33,1664084,1030.01,1037,1016.85
2018/04/27,1030.05,1617452,1046,1049.5,1025.59
2018/04/26,1040.04,1984448,1029.51,1047.98,1018.19
2018/04/25,1021.18,2225495,1025.52,1032.49,1015.31
2018/04/24,1019.98,4750851,1052,1057,1010.59
2018/04/23,1067.45,2278846,1077.86,1082.72,1060.7
2018/04/20,1072.96,1887698,1082,1092.35,1069.57
2018/04/19,1087.7,1741907,1069.4,1094.165,1068.18
2018/04/18,1072.08,1336678,1077.43,1077.43,1066.225
2018/04/17,1074.16,2311903,1051.37,1077.88,1048.26
2018/04/16,1037.98,1194144,1037,1043.24,1026.74
2018/04/13,1029.27,1175754,1040.88,1046.42,1022.98
2018/04/12,1032.51,1357599,1025.04,1040.69,1021.4347
2018/04/11,1019.97,1476133,1027.99,1031.3641,1015.87
2018/04/10,1031.64,1983510,1026.44,1036.28,1011.34
2018/04/09,1015.45,1738682,1016.8,1039.6,1014.08
2018/04/06,1007.04,1740896,1020,1031.42,1003.03
2018/04/05,1027.81,1345681,1041.33,1042.79,1020.1311
2018/04/04,1025.14,2464418,993.41,1028.7175,993
2018/04/03,1013.41,2271858,1013.91,1020.99,994.07
2018/04/02,1006.47,2679214,1022.82,1034.8,990.37
2018/03/29,1031.79,2714402,1011.63,1043,1002.9
2018/03/28,1004.56,3345046,998,1024.23,980.64
2018/03/27,1005.1,3081612,1063,1064.8393,996.92
2018/03/26,1053.21,2593808,1046,1055.63,1008.4
2018/03/23,1021.57,2147097,1047.03,1063.36,1021.22
2018/03/22,1049.08,2584639,1081.88,1082.9,1045.91
2018/03/21,1090.88,1878294,1092.74,1106.2999,1085.15
2018/03/20,1097.71,1802209,1099,1105.2,1083.46
2018/03/19,1099.82,2355186,1120.01,1121.99,1089.01
2018/03/16,1135.73,2614871,1154.14,1155.88,1131.96
2018/03/15,1149.58,1397767,1149.96,1161.08,1134.54
2018/03/14,1149.49,1290638,1145.21,1158.59,1141.44
2018/03/13,1138.17,1874176,1170,1176.76,1133.33
2018/03/12,1164.5,2106548,1163.85,1177.05,1157.42
2018/03/09,1160.04,2121425,1136,1160.8,1132.4606
2018/03/08,1126,1393529,1115.32,1127.6,1112.8
2018/03/07,1109.64,1277439,1089.19,1112.22,1085.4823
2018/03/06,1095.06,1497087,1099.22,1101.85,1089.775
2018/03/05,1090.93,1141932,1075.14,1097.1,1069.0001
2018/03/02,1078.92,2271394,1053.08,1081.9986,1048.115
2018/03/01,1069.52,2511872,1107.87,1110.12,1067.001
2018/02/28,1104.73,1873737,1123.03,1127.53,1103.24
2018/02/27,1118.29,1772866,1141.24,1144.04,1118
2018/02/26,1143.75,1514920,1127.8,1143.96,1126.695
2018/02/23,1126.79,1190432,1112.64,1127.28,1104.7135
2018/02/22,1106.63,1309536,1116.19,1122.82,1102.59
2018/02/21,1111.34,1507152,1106.47,1133.97,1106.33
2018/02/20,1102.46,1389491,1090.57,1113.95,1088.52
2018/02/16,1094.8,1680283,1088.41,1104.67,1088.3134
2018/02/15,1089.52,1785552,1079.07,1091.4794,1064.34
2018/02/14,1069.7,1547665,1048.95,1071.72,1046.75
2018/02/13,1052.1,1213800,1045,1058.37,1044.0872
2018/02/12,1051.94,2054002,1048,1061.5,1040.928
2018/02/09,1037.78,3503970,1017.25,1043.97,992.56
2018/02/08,1001.52,2809890,1055.41,1058.62,1000.66
2018/02/07,1048.58,2353003,1081.54,1081.78,1048.26
2018/02/06,1080.6,3432313,1027.18,1081.71,1023.1367
2018/02/05,1055.8,3769453,1090.6,1110,1052.03
2018/02/02,1111.9,4837979,1122,1123.07,1107.2779
2018/02/01,1167.7,2380221,1162.61,1174,1157.52
2018/01/31,1169.94,1523820,1170.57,1173,1159.13
2018/01/30,1163.69,1541771,1167.83,1176.52,1163.52
2018/01/29,1175.58,1337324,1176.48,1186.89,1171.98
2018/01/26,1175.84,1981173,1175.08,1175.84,1158.11
2018/01/25,1170.37,1461518,1172.53,1175.94,1162.76
2018/01/24,1164.24,1382904,1177.33,1179.86,1161.05
2018/01/23,1169.97,1309862,1159.85,1171.6266,1158.75
2018/01/22,1155.81,1616120,1137.49,1159.88,1135.1101
2018/01/19,1137.51,1390118,1131.83,1137.86,1128.3
2018/01/18,1129.79,1194943,1131.41,1132.51,1117.5
2018/01/17,1131.98,1200476,1126.22,1132.6,1117.01
2018/01/16,1121.76,1566662,1132.51,1139.91,1117.8316
2018/01/12,1122.26,1718491,1102.41,1124.29,1101.15
2018/01/11,1105.52,977727,1106.3,1106.525,1099.59
2018/01/10,1102.61,1042273,1097.1,1104.6,1096.11
2018/01/09,1106.26,900089,1109.4,1110.57,1101.2307
2018/01/08,1106.94,1046767,1102.23,1111.27,1101.62
2018/01/05,1102.23,1279990,1094,1104.25,1092
2018/01/04,1086.4,1002945,1088,1093.5699,1084.0017
2018/01/03,1082.48,1429757,1064.31,1086.29,1063.21
2018/01/02,1065,1236401,1048.34,1066.94,1045.23
2017/12/29,1046.4,886845,1046.72,1049.7,1044.9
2017/12/28,1048.14,833011,1051.6,1054.75,1044.77
2017/12/27,1049.37,1271780,1057.39,1058.37,1048.05
2017/12/26,1056.74,761097,1058.07,1060.12,1050.2
2017/12/22,1060.12,755089,1061.11,1064.2,1059.44
2017/12/21,1063.63,986548,1064.95,1069.33,1061.7938
2017/12/20,1064.95,1268285,1071.78,1073.38,1061.52
2017/12/19,1070.68,1307894,1075.2,1076.84,1063.55
2017/12/18,1077.14,1552016,1066.08,1078.49,1062
2017/12/15,1064.19,3275091,1054.61,1067.62,1049.5
2017/12/14,1049.15,1558684,1045,1058.5,1043.11
2017/12/13,1040.61,1220364,1046.12,1046.665,1038.38
2017/12/12,1040.48,1279511,1039.63,1050.31,1033.6897
2017/12/11,1041.1,1190527,1035.5,1043.8,1032.0504
2017/12/08,1037.05,1288419,1037.49,1042.05,1032.5222
2017/12/07,1030.93,1458145,1020.43,1034.24,1018.071
2017/12/06,1018.38,1258496,1001.5,1024.97,1001.14
2017/12/05,1005.15,2066247,995.94,1020.61,988.28
2017/12/04,998.68,1906058,1012.66,1016.1,995.57
2017/12/01,1010.17,1908962,1015.8,1022.4897,1002.02
2017/11/30,1021.41,1723003,1022.37,1028.4899,1015
2017/11/29,1021.66,2442974,1042.68,1044.08,1015.65
2017/11/28,1047.41,1421027,1055.09,1062.375,1040
2017/11/27,1054.21,1307471,1040,1055.46,1038.44
2017/11/24,1040.61,536996,1035.87,1043.178,1035
2017/11/22,1035.96,746351,1035,1039.706,1031.43
2017/11/21,1034.49,1096161,1023.31,1035.11,1022.655
2017/11/20,1018.38,898389,1020.26,1022.61,1017.5
2017/11/17,1019.09,1366936,1034.01,1034.42,1017.75
2017/11/16,1032.5,1129424,1022.52,1035.92,1022.52
2017/11/15,1020.91,847932,1019.21,1024.09,1015.42
2017/11/14,1026,958708,1022.59,1026.81,1014.15
2017/11/13,1025.75,885565,1023.42,1031.58,1022.57
2017/11/10,1028.07,720674,1026.46,1030.76,1025.28
2017/11/09,1031.26,1244701,1033.99,1033.99,1019.6656
2017/11/08,1039.85,1088395,1030.52,1043.522,1028.45
2017/11/07,1033.33,1112123,1027.27,1033.97,1025.13
2017/11/06,1025.9,1124757,1028.99,1034.87,1025
2017/11/03,1032.48,1075134,1022.11,1032.65,1020.31
2017/11/02,1025.58,1048584,1021.76,1028.09,1013.01
2017/11/01,1025.5,1371619,1017.21,1029.67,1016.95
2017/10/31,1016.64,1331265,1015.22,1024,1010.42
2017/10/30,1017.11,2083490,1014,1024.97,1007.5
2017/10/27,1019.27,5165922,1009.19,1048.39,1008.2
2017/10/26,972.56,2027218,980,987.6,972.2
2017/10/25,973.33,1210368,968.37,976.09,960.5201
2017/10/24,970.54,1206074,970,972.23,961
2017/10/23,968.45,1471544,989.52,989.52,966.12
2017/10/20,988.2,1176177,989.44,991,984.58
2017/10/19,984.45,1312706,986,988.88,978.39
2017/10/18,992.81,1057285,991.77,996.72,986.9747
2017/10/17,992.18,1290152,990.29,996.44,988.59
2017/10/16,992,910246,992.1,993.9065,984
2017/10/13,989.68,1169584,992,997.21,989
2017/10/12,987.83,1278357,987.45,994.12,985
2017/10/11,989.25,1692843,973.72,990.71,972.25
2017/10/10,972.6,968113,980,981.57,966.0801
2017/10/09,977,890620,980,985.425,976.11
2017/10/06,978.89,1146207,966.7,979.46,963.36
2017/10/05,969.96,1210427,955.49,970.91,955.18
2017/10/04,951.68,951766,957,960.39,950.69
2017/10/03,957.79,888303,954,958,949.14
2017/10/02,953.27,1282850,959.98,962.54,947.84
2017/09/29,959.11,1576365,952,959.7864,951.51
2017/09/28,949.5,997036,941.36,950.69,940.55
2017/09/27,944.49,2237538,927.74,949.9,927.74
2017/09/26,924.86,1666749,923.72,930.82,921.14
2017/09/25,920.97,1855742,925.45,926.4,909.7
2017/09/22,928.53,1052170,927.75,934.73,926.48
2017/09/21,932.45,1227059,933,936.53,923.83
2017/09/20,931.58,1535626,922.98,933.88,922
2017/09/19,921.81,912967,917.42,922.4199,912.55
2017/09/18,915,1300759,920.01,922.08,910.6
2017/09/15,920.29,2499466,924.66,926.49,916.36
2017/09/14,925.11,1395497,931.25,932.77,924
2017/09/13,935.09,1101145,930.66,937.25,929.86
2017/09/12,932.07,1133638,932.59,933.48,923.861
2017/09/11,929.08,1266020,934.25,938.38,926.92
2017/09/08,926.5,997699,936.49,936.99,924.88
2017/09/07,935.95,1211472,931.73,936.41,923.62
2017/09/06,927.81,1526209,930.15,930.915,919.27
2017/09/05,928.45,1346791,933.08,937,921.96
2017/09/01,937.34,943657,941.13,942.48,935.15
2017/08/31,939.33,1566888,931.76,941.98,931.76
2017/08/30,929.57,1300616,920.05,930.819,919.65
2017/08/29,921.29,1181391,905.1,923.33,905
2017/08/28,913.81,1085014,916,919.245,911.87
2017/08/25,915.89,1052764,923.49,925.555,915.5
2017/08/24,921.28,1266191,928.66,930.84,915.5
2017/08/23,927,1088575,921.93,929.93,919.36
2017/08/22,924.69,1166320,912.72,925.86,911.4751
2017/08/21,906.66,942328,910,913,903.4
2017/08/18,910.67,1341990,910.31,915.275,907.1543
2017/08/17,910.98,1241782,925.78,926.86,910.98
2017/08/16,926.96,1005261,925.29,932.7,923.445
2017/08/15,922.22,882479,924.23,926.5499,919.82
2017/08/14,922.67,1063404,922.53,924.668,918.19
2017/08/11,914.39,1205652,907.97,917.78,905.58
2017/08/10,907.24,1755521,917.55,919.26,906.13
2017/08/09,922.9,1191332,920.61,925.98,917.2501
2017/08/08,926.79,1057351,927.09,935.814,925.6095
2017/08/07,929.36,1031710,929.06,931.7,926.5
2017/08/04,927.96,1081814,926.75,930.3068,923.03
2017/08/03,923.65,1201519,930.34,932.24,922.24
2017/08/02,930.39,1822272,928.61,932.6,916.68
2017/08/01,930.83,1234612,932.38,937.447,929.26
2017/07/31,930.5,1964748,941.89,943.59,926.04
2017/07/28,941.53,1802343,929.4,943.83,927.5
2017/07/27,934.09,3128819,951.78,951.78,920
2017/07/26,947.8,2069349,954.68,955,942.2788
2017/07/25,950.7,4656609,953.81,959.7,945.4
2017/07/24,980.34,3205374,972.22,986.2,970.77
2017/07/21,972.92,1697190,962.25,973.23,960.15
2017/07/20,968.15,1620636,975,975.9,961.51
2017/07/19,970.89,1221155,967.84,973.04,964.03
2017/07/18,965.4,1152741,953,968.04,950.6
2017/07/17,953.42,1164141,957,960.74,949.2407
2017/07/14,955.99,1052855,952,956.91,948.005
2017/07/13,947.16,1294674,946.29,954.45,943.01
2017/07/12,943.83,1517168,938.68,946.3,934.47
2017/07/11,930.09,1112417,929.54,931.43,922
2017/07/10,928.8,1190237,921.77,930.38,919.59
2017/07/07,918.59,1590456,908.85,921.54,908.85
2017/07/06,906.69,1424290,904.12,914.9444,899.7
2017/07/05,911.71,1813309,901.76,914.51,898.5
2017/07/03,898.7,1710373,912.18,913.94,894.79
2017/06/30,908.73,2086340,926.05,926.05,908.31
2017/06/29,917.79,3287991,929.92,931.26,910.62
2017/06/28,940.49,2719213,929,942.75,916
2017/06/27,927.33,2566047,942.46,948.29,926.85
2017/06/26,952.27,1596664,969.9,973.31,950.79
2017/06/23,965.59,1527513,956.83,966,954.2
2017/06/22,957.09,941639,958.7,960.72,954.55
2017/06/21,959.45,1201971,953.64,960.1,950.76
2017/06/20,950.63,1125520,957.52,961.62,950.01
2017/06/19,957.37,1520715,949.96,959.99,949.05
2017/06/16,939.78,3061794,940,942.04,931.595
2017/06/15,942.31,2065271,933.97,943.339,924.44
2017/06/14,950.76,1487378,959.92,961.15,942.25
2017/06/13,953.4,2012980,951.91,959.98,944.09
2017/06/12,942.9,3762434,939.56,949.355,915.2328
2017/06/09,949.83,3305545,984.5,984.5,935.63
2017/06/08,983.41,1477151,982.35,984.57,977.2
2017/06/07,981.08,1447172,979.65,984.15,975.77
2017/06/06,976.57,1814323,983.16,988.25,975.14
2017/06/05,983.68,1251903,976.55,986.91,975.1
2017/06/02,975.6,1750723,969.46,975.88,966
2017/06/01,966.95,1408958,968.95,971.5,960.01
2017/05/31,964.86,2447176,975.02,979.27,960.18
2017/05/30,975.88,1466288,970.31,976.2,969.49
2017/05/26,971.47,1251425,969.7,974.98,965.03
2017/05/25,969.54,1659422,957.33,972.629,955.47
2017/05/24,954.96,1031408,952.98,955.09,949.5
2017/05/23,948.82,1269438,947.92,951.4666,942.575
2017/05/22,941.86,1118456,935,941.8828,935
2017/05/19,934.01,1389848,931.47,937.755,931
2017/05/18,930.24,1596058,921,933.17,918.75
2017/05/17,919.62,2357922,935.67,939.3325,918.14
2017/05/16,943,968288,940,943.11,937.58
2017/05/15,937.08,1104595,932.95,938.25,929.34
2017/05/12,932.22,1050377,931.53,933.44,927.85
2017/05/11,930.6,834997,925.32,932.53,923.0301
2017/05/10,928.78,1173887,931.98,932,925.16
2017/05/09,932.17,1581236,936.95,937.5,929.53
2017/05/08,934.3,1328885,926.12,936.925,925.26
2017/05/05,927.13,1910317,933.54,934.9,925.2
2017/05/04,931.66,1421938,926.07,935.93,924.59
2017/05/03,927.04,1497565,914.86,928.1,912.5426
2017/05/02,916.44,1543696,909.62,920.77,909.4526
2017/05/01,912.57,2114629,901.94,915.68,901.45
2017/04/28,905.96,3223850,910.66,916.85,905.77
2017/04/27,874.25,2009509,873.6,875.4,870.38
2017/04/26,871.73,1233724,874.23,876.05,867.7481
2017/04/25,872.3,1670095,865,875,862.81
2017/04/24,862.76,1371722,851.2,863.45,849.86
2017/04/21,843.19,1323364,842.88,843.88,840.6
2017/04/20,841.65,957994,841.44,845.2,839.32
2017/04/19,838.21,954324,839.79,842.22,836.29
2017/04/18,836.82,835433,834.22,838.93,832.71
2017/04/17,837.17,894540,825.01,837.75,824.47
2017/04/13,823.56,1118221,822.14,826.38,821.44
2017/04/12,824.32,900059,821.93,826.66,821.02
2017/04/11,823.35,1078951,824.71,827.4267,817.0201
2017/04/10,824.73,978825,825.39,829.35,823.77
2017/04/07,824.67,1056692,827.96,828.485,820.5127
2017/04/06,827.88,1254235,832.4,836.39,826.46
2017/04/05,831.41,1553163,835.51,842.45,830.72
2017/04/04,834.57,1044455,831.36,835.18,829.0363
2017/04/03,838.55,1670349,829.22,840.85,829.22
2017/03/31,829.56,1401756,828.97,831.64,827.39
2017/03/30,831.5,1055263,833.5,833.68,829
2017/03/29,831.41,1785006,825,832.765,822.3801
2017/03/28,820.92,1620532,820.41,825.99,814.027
2017/03/27,819.51,1894735,806.95,821.63,803.37
2017/03/24,814.43,1980415,820.08,821.93,808.89
2017/03/23,817.58,3485390,821,822.57,812.257
2017/03/22,829.59,1399409,831.91,835.55,827.1801
2017/03/21,830.46,2461375,851.4,853.5,829.02
2017/03/20,848.4,1217560,850.01,850.22,845.15
2017/03/17,852.12,1712397,851.61,853.4,847.11
2017/03/16,848.78,977384,849.03,850.85,846.13
2017/03/15,847.2,1381328,847.59,848.63,840.77
2017/03/14,845.62,779920,843.64,847.24,840.8
2017/03/13,845.54,1149928,844,848.685,843.25
2017/03/10,843.25,1702731,843.28,844.91,839.5
2017/03/09,838.68,1261393,836,842,834.21
2017/03/08,835.37,988900,833.51,838.15,831.79
2017/03/07,831.91,1037573,827.4,833.41,826.52
2017/03/06,827.78,1108799,826.95,828.88,822.4
2017/03/03,829.08,890640,830.56,831.36,825.751
2017/03/02,830.63,937824,833.85,834.51,829.64
2017/03/01,835.24,1495934,828.85,836.255,827.26
2017/02/28,823.21,2258695,825.61,828.54,820.2
2017/02/27,829.28,1101120,824.55,830.5,824
2017/02/24,828.64,1392039,827.73,829,824.2
2017/02/23,831.33,1471342,830.12,832.46,822.88
2017/02/22,830.76,983058,828.66,833.25,828.64
2017/02/21,831.66,1259841,828.66,833.45,828.35
2017/02/17,828.07,1602549,823.02,828.07,821.655
2017/02/16,824.16,1285919,819.93,824.4,818.98
2017/02/15,818.98,1311316,819.36,823,818.47
2017/02/14,820.45,1054472,819,823,816
2017/02/13,819.24,1205835,816,820.959,815.49
2017/02/10,813.67,1134701,811.7,815.25,809.78
2017/02/09,809.56,990260,809.51,810.66,804.54
2017/02/08,808.38,1155892,807,811.84,803.1903
2017/02/07,806.97,1240257,803.99,810.5,801.78
2017/02/06,801.34,1182882,799.7,801.67,795.2501
2017/02/03,801.49,1461217,802.99,806,800.37
2017/02/02,798.53,1530827,793.8,802.7,792
2017/02/01,795.695,2027708,799.68,801.19,791.19
2017/01/31,796.79,2153957,796.86,801.25,790.52
2017/01/30,802.32,3243568,814.66,815.84,799.8
2017/01/27,823.31,2964989,834.71,841.95,820.44
2017/01/26,832.15,2944642,837.81,838,827.01
2017/01/25,835.67,1612854,829.62,835.77,825.06
2017/01/24,823.87,1472228,822.3,825.9,817.821
2017/01/23,819.31,1962506,807.25,820.87,803.74
2017/01/20,805.02,1668638,806.91,806.91,801.69
2017/01/19,802.175,917085,805.12,809.48,801.8
2017/01/18,806.07,1293893,805.81,806.205,800.99
2017/01/17,804.61,1361935,807.08,807.14,800.37
2017/01/13,807.88,1098154,807.48,811.2244,806.69
2017/01/12,806.36,1352872,807.14,807.39,799.17
2017/01/11,807.91,1065360,805,808.15,801.37
2017/01/10,804.79,1176637,807.86,809.1299,803.51
2017/01/09,806.65,1274318,806.4,809.9664,802.83
2017/01/06,806.15,1639246,795.26,807.9,792.2041
2017/01/05,794.02,1334028,786.08,794.48,785.02
2017/01/04,786.9,1071198,788.36,791.34,783.16
2017/01/03,786.14,1657291,778.81,789.63,775.8
2016/12/30,771.82,1769809,782.75,782.78,770.41
2016/12/29,782.79,743808,783.33,785.93,778.92
2016/12/28,785.05,1142148,793.7,794.23,783.2
2016/12/27,791.55,789151,790.68,797.86,787.657
2016/12/23,789.91,623682,790.9,792.74,787.28
2016/12/22,791.26,972147,792.36,793.32,788.58
2016/12/21,794.56,1208770,795.84,796.6757,787.1
2016/12/20,796.42,950345,796.76,798.65,793.27
2016/12/19,794.2,1231966,790.22,797.66,786.27
2016/12/16,790.8,2435100,800.4,800.8558,790.29
2016/12/15,797.85,1623709,797.34,803,792.92
2016/12/14,797.07,1700875,797.4,804,794.01
2016/12/13,796.1,2122735,793.9,804.3799,793.34
2016/12/12,789.27,2102288,785.04,791.25,784.3554
2016/12/09,789.29,1821146,780,789.43,779.021
2016/12/08,776.42,1487517,772.48,778.18,767.23
2016/12/07,771.19,1757710,761,771.36,755.8
2016/12/06,759.11,1690365,764.73,768.83,757.34
2016/12/05,762.52,1393566,757.71,763.9,752.9
2016/12/02,750.5,1452181,744.59,754,743.1
2016/12/01,747.92,3017001,757.44,759.85,737.0245
2016/11/30,758.04,2386628,770.07,772.99,754.83
2016/11/29,770.84,1616427,771.53,778.5,768.24
2016/11/28,768.24,2177039,760,779.53,759.8
2016/11/25,761.68,587421,764.26,765,760.52
2016/11/23,760.99,1477501,767.73,768.2825,755.25
2016/11/22,768.27,1592372,772.63,776.96,767
2016/11/21,769.2,1324431,762.61,769.7,760.6
2016/11/18,760.54,1528555,771.37,775,760
2016/11/17,771.23,1298484,766.92,772.7,764.23
2016/11/16,764.48,1468196,755.2,766.36,750.51
2016/11/15,758.49,2375056,746.97,764.4162,746.97
2016/11/14,736.08,3644965,755.6,757.85,727.54
2016/11/11,754.02,2421889,756.54,760.78,750.38
2016/11/10,762.56,4733916,791.17,791.17,752.18
2016/11/09,785.31,2603860,779.94,791.2265,771.67
2016/11/08,790.51,1361472,783.4,795.633,780.19
2016/11/07,782.52,1574426,774.5,785.19,772.55
2016/11/04,762.02,2131948,750.66,770.36,750.5611
2016/11/03,762.13,1933937,767.25,769.95,759.03
2016/11/02,768.7,1905814,778.2,781.65,763.4496
2016/11/01,783.61,2404898,782.89,789.49,775.54
2016/10/31,784.54,2420892,795.47,796.86,784
2016/10/28,795.37,4261912,808.35,815.49,793.59
2016/10/27,795.35,2723097,801,803.49,791.5
2016/10/26,799.07,1645403,806.34,806.98,796.32
2016/10/25,807.67,1575020,816.68,816.68,805.14
2016/10/24,813.11,1693162,804.9,815.18,804.82
2016/10/21,799.37,1262042,795,799.5,794
2016/10/20,796.97,1755546,803.3,803.97,796.03
2016/10/19,801.56,1762990,798.86,804.63,797.635
2016/10/18,795.26,2046338,787.85,801.61,785.565
2016/10/17,779.96,1091524,779.8,785.85,777.5
2016/10/14,778.53,851512,781.65,783.95,776
2016/10/13,778.19,1360619,781.22,781.22,773
2016/10/12,786.14,935138,783.76,788.13,782.06
2016/10/11,783.07,1371461,786.66,792.28,780.58
2016/10/10,785.94,1161410,777.71,789.38,775.87
2016/10/07,775.08,932444,779.66,779.66,770.75
2016/10/06,776.86,1066910,779,780.48,775.54
2016/10/05,776.47,1457661,779.31,782.07,775.65
2016/10/04,776.43,1198361,776.03,778.71,772.89
2016/10/03,772.56,1276614,774.25,776.065,769.5
2016/09/30,777.29,1583293,776.33,780.94,774.09
2016/09/29,775.01,1310252,781.44,785.8,774.232
2016/09/28,781.56,1108249,777.85,781.81,774.97
2016/09/27,783.01,1152760,775.5,785.9899,774.308
2016/09/26,774.21,1531788,782.74,782.74,773.07
2016/09/23,786.9,1411439,786.59,788.93,784.15
2016/09/22,787.21,1483899,780,789.85,778.44
2016/09/21,776.22,1166290,772.66,777.16,768.301
2016/09/20,771.41,975434,769,773.33,768.53
2016/09/19,765.7,1171969,772.42,774,764.4406
2016/09/16,768.88,2047036,769.75,769.75,764.66
2016/09/15,771.76,1344945,762.89,773.8,759.96
2016/09/14,762.49,1093723,759.61,767.68,759.11
2016/09/13,759.69,1394158,764.48,766.2195,755.8
2016/09/12,769.02,1310493,755.13,770.29,754.0001
2016/09/09,759.66,1879903,770.1,773.245,759.66
2016/09/08,775.32,1268663,778.59,780.35,773.58
2016/09/07,780.35,893874,780,782.73,776.2
2016/09/06,780.08,1441864,773.45,782,771
2016/09/02,771.46,1070725,773.01,773.9199,768.41
2016/09/01,768.78,925019,769.25,771.02,764.3
2016/08/31,767.05,1247937,767.01,769.09,765.38
2016/08/30,769.09,1129932,769.33,774.466,766.84
2016/08/29,772.15,847537,768.74,774.99,766.615
2016/08/26,769.54,1164713,769,776.0799,765.85
2016/08/25,769.41,926856,767,771.89,763.1846
2016/08/24,769.64,1071569,770.58,774.5,767.07
2016/08/23,772.08,925356,775.48,776.44,771.785
2016/08/22,772.15,950417,773.27,774.54,770.0502
2016/08/19,775.42,860899,775,777.1,773.13
2016/08/18,777.5,718882,780.01,782.86,777
2016/08/17,779.91,921666,777.32,780.81,773.53
2016/08/16,777.14,1027836,780.3,780.98,773.444
2016/08/15,782.44,938183,783.75,787.49,780.11
2016/08/12,783.22,739761,781.5,783.395,780.4
2016/08/11,784.85,971742,785,789.75,782.97
2016/08/10,784.68,784559,783.75,786.8123,782.778
2016/08/09,784.26,1318457,781.1,788.94,780.57
2016/08/08,781.76,1106693,782,782.63,778.091
2016/08/05,782.22,1799478,773.78,783.04,772.34
2016/08/04,771.61,1139972,772.22,774.07,768.795
2016/08/03,773.18,1283186,767.18,773.21,766.82
2016/08/02,771.07,1782822,768.69,775.84,767.85
2016/08/01,772.88,2697699,761.09,780.43,761.09
2016/07/29,768.79,3830103,772.71,778.55,766.77
2016/07/28,745.91,3473040,747.04,748.65,739.3
2016/07/27,741.77,1509133,738.28,744.46,737
2016/07/26,738.42,1182993,739.04,741.69,734.27
2016/07/25,739.77,1031643,740.67,742.61,737.5
2016/07/22,742.74,1256741,741.86,743.24,736.56
2016/07/21,738.63,1022229,740.36,741.69,735.831
2016/07/20,741.19,1283931,737.33,742.13,737.1
2016/07/19,736.96,1225467,729.89,736.99,729
2016/07/18,733.78,1284740,722.71,736.13,721.19
2016/07/15,719.85,1277514,725.73,725.74,719.055
2016/07/14,720.95,949456,721.58,722.21,718.03
2016/07/13,716.98,933352,723.62,724,716.85
2016/07/12,720.64,1336112,719.12,722.94,715.91
2016/07/11,715.09,1107039,708.05,716.51,707.24
2016/07/08,705.63,1573909,699.5,705.71,696.435
2016/07/07,695.36,1303661,698.08,698.2,688.215
2016/07/06,697.77,1411080,689.98,701.68,689.09
2016/07/05,694.49,1462879,696.06,696.94,688.88
2016/07/01,699.21,1344387,692.2,700.65,692.1301
2016/06/30,692.1,1597298,685.47,692.32,683.65
2016/06/29,684.11,1931436,683,687.4292,681.41
2016/06/28,680.04,2169704,678.97,680.33,673
2016/06/27,668.26,2632011,671,672.3,663.284
2016/06/24,675.22,4442943,675.17,689.4,673.45
2016/06/23,701.87,2166183,697.45,701.95,687
2016/06/22,697.46,1182161,699.06,700.86,693.0819
2016/06/21,695.94,1464836,698.4,702.77,692.01
2016/06/20,693.71,2080645,698.77,702.48,693.41
2016/06/17,691.72,3397720,708.65,708.82,688.4515
2016/06/16,710.36,1981657,714.91,716.65,703.26
2016/06/15,718.92,1213386,719,722.98,717.31
2016/06/14,718.27,1303808,716.48,722.47,713.12
2016/06/13,718.36,1255199,716.51,725.44,716.51
2016/06/10,719.41,1213989,719.47,725.89,716.43
2016/06/09,728.58,987635,722.87,729.54,722.3361
2016/06/08,728.28,1583325,723.96,728.57,720.58
2016/06/07,716.65,1336348,719.84,721.98,716.55
2016/06/06,716.55,1565955,724.91,724.91,714.61
2016/06/03,722.34,1225924,729.27,729.49,720.56
2016/06/02,730.4,1340664,732.5,733.02,724.17
2016/06/01,734.15,1251468,734.53,737.21,730.66
2016/05/31,735.72,2128358,731.74,739.73,731.26
2016/05/27,732.66,1974425,724.01,733.936,724
2016/05/26,724.12,1573635,722.87,728.33,720.28
2016/05/25,725.27,1629790,720.76,727.51,719.7047
2016/05/24,720.09,1926828,706.86,720.97,706.86
2016/05/23,704.24,1326386,706.53,711.4781,704.18
2016/05/20,709.74,1825830,701.62,714.58,700.52
2016/05/19,700.32,1668887,702.36,706,696.8
2016/05/18,706.63,1765632,703.67,711.6,700.63
2016/05/17,706.23,1999883,715.99,721.52,704.11
2016/05/16,716.49,1316719,709.13,718.48,705.65
2016/05/13,710.83,1307559,711.93,716.6619,709.26
2016/05/12,713.31,1361170,717.06,719.25,709
2016/05/11,715.29,1690862,723.41,724.48,712.8
2016/05/10,723.18,1568621,716.75,723.5,715.72
2016/05/09,712.9,1509892,712,718.71,710
2016/05/06,711.12,1828508,698.38,711.86,698.1067
2016/05/05,701.43,1680220,697.7,702.3199,695.72
2016/05/04,695.7,1692757,690.49,699.75,689.01
2016/05/03,692.36,1541297,696.87,697.84,692
2016/05/02,698.21,1645013,697.63,700.64,691
2016/04/29,693.01,2486584,690.7,697.62,689
2016/04/28,691.02,2859790,708.26,714.17,689.55
2016/04/27,705.84,3094905,707.29,708.98,692.3651
2016/04/26,708.14,2739133,725.42,725.766,703.0264
2016/04/25,723.15,1956956,716.1,723.93,715.59
2016/04/22,718.77,5949699,726.3,736.12,713.61
2016/04/21,759.14,2995094,755.38,760.45,749.55
2016/04/20,752.67,1526776,758,758.1315,750.01
2016/04/19,753.93,2027962,769.51,769.9,749.33
2016/04/18,766.61,1557199,760.46,768.05,757.3
2016/04/15,759,1807062,753.98,761,752.6938
2016/04/14,753.2,1134056,754.01,757.31,752.705
2016/04/13,751.72,1707397,749.16,754.38,744.261
2016/04/12,743.09,1349780,738,743.83,731.01
2016/04/11,736.1,1218789,743.02,745,736.05
2016/04/08,739.15,1289869,743.97,745.45,735.55
2016/04/07,740.28,1452369,745.37,746.9999,736.28
2016/04/06,745.69,1052171,735.77,746.24,735.56
2016/04/05,737.8,1130817,738,742.8,735.37
2016/04/04,745.29,1134214,750.06,752.8,742.43
2016/04/01,749.91,1576240,738.6,750.34,737
2016/03/31,744.95,1718638,749.25,750.85,740.94
2016/03/30,750.53,1782278,750.1,757.88,748.74
2016/03/29,744.77,1902254,734.59,747.25,728.76
2016/03/28,733.53,1300817,736.79,738.99,732.5
